Asset,Method,c1,c2,g1,g2,w1,a1,b1,w2,a2,b2,p11,p22,LogLik,Converged,AIC,BIC,T_obs,Market,Has_Exo,Pivot,Persist_S1,Persist_S2
ETH-USD,gray,0.6125894764334784,-0.6392531641102773,0.0,0.0,0.5421501775690301,0.0598395365191496,0.8999999999999394,0.3453375735241257,0.1928279529452455,0.8056588198616519,0.9044907254445852,0.7191441107977191,-8106.682607890892,True,16233.365215781783,16292.77461340506,2810,Crypto,False,,0.959839536519089,0.9984867728068973
ETH-USD,plugin,0.3134044662979726,0.1208385881456839,0.0,0.0,0.4090790030133412,0.1081170336617653,0.8918558511403066,0.2186022806780297,0.1249139711273428,0.7827869015648765,0.9506184865386194,0.7508486639004575,-8073.572077867964,False,16167.144155735929,16226.553553359206,2810,Crypto,False,,0.9999728848020719,0.9077008726922193
ETH-USD,quadrature,0.4392510648737264,-0.4403917873293231,0.0,0.0,0.4501081361028088,0.108047264290793,0.8919099004722781,0.2665431128965311,0.1473200587859258,0.7953901833904027,0.9554120433458232,0.7309162185183564,-8120.743217295682,True,16261.486434591365,16320.895832214645,2810,Crypto,False,,0.9999571647630712,0.9427102421763285
ETH-USD,particle,2.228628668112918e-06,-2.223275461982552e-06,0.0,0.0,0.3000007531792435,0.0500003808272262,0.8499996250221358,0.0999999520484296,0.0800003633996966,0.7800000561415217,0.9500000181050374,0.7999996466290199,-9075.702099532711,True,18171.404199065422,18230.813596688706,2810,Crypto,False,,0.900000005849362,0.8600004195412183
LTC-USD,gray,0.4180617940369248,-0.3489989148511659,0.0,0.0,0.4426250033058591,0.1128276807819698,0.8867115904419843,0.258577516532279,0.1439371051959792,0.7943913441255579,0.9562854321634248,0.7336786392417607,-8316.544789550566,False,16653.08957910113,16712.498976724408,2810,Crypto,False,,0.9995392712239541,0.9383284493215371
LTC-USD,plugin,-0.0338885903076576,0.1038739537488782,0.0,0.0,0.4205304892816431,0.1101408370434976,0.8898283174832813,0.2296739641474561,0.1313814141175382,0.7840447802283665,0.9507624597224004,0.7462214622861152,-8269.21281324636,False,16558.42562649272,16617.835024115997,2810,Crypto,False,,0.9999691545267789,0.9154261943459048
LTC-USD,quadrature,0.4244064467636744,-0.3185558099160579,0.0,0.0,0.4448586606522569,0.1151156959419713,0.8848079987200801,0.2610506387227961,0.1455055499877076,0.7942818775174926,0.9563011033977474,0.7326584461199314,-8317.05888472644,False,16654.11776945288,16713.527167076158,2810,Crypto,False,,0.9999236946620513,0.9397874275052002
LTC-USD,particle,-5.9891755987873866e-06,6.054270777152511e-06,0.0,0.0,0.3000018730207152,0.0499985346049481,0.8499988079745541,0.1000027109937506,0.0800006433314143,0.7799994908127136,0.9500002668065888,0.7999995632103293,-9342.673264438776,False,18705.34652887755,18764.755926500828,2810,Crypto,False,,0.8999973425795021,0.8600001341441279
XRP-USD,gray,0.4433814990332772,0.6429787551656168,0.0,0.0,0.3378811341760935,0.1705476597296729,0.7626412764813878,0.4196888319366948,0.2862972899601611,0.7135652054199968,0.8159740332161836,0.8847491443855202,-9143.44614521933,False,18306.89229043866,18366.301688061936,2810,Crypto,False,,0.9331889362110607,0.9998624953801579
XRP-USD,plugin,0.424831822149654,-0.4241739694550088,0.0,0.0,0.4468918608981803,0.1223128339038971,0.8773760219002033,0.2606836417488659,0.1424359264241934,0.7849131467938091,0.9488610578106278,0.734055083136372,-8822.000653668256,False,17664.00130733651,17723.410704959788,2810,Crypto,False,,0.9996888558041004,0.9273490732180025
XRP-USD,quadrature,1.4539460224785532,-1.4449072232685645,0.0,0.0,0.8730533869437878,0.1863000506107252,0.8134219884924572,0.6843950551569253,0.3882515590420232,0.554054240744624,0.7273805597198073,0.7522957949081603,-8514.518260026513,False,17049.036520053025,17108.4459176763,2810,Crypto,False,,0.9997220391031824,0.9423057997866471
XRP-USD,particle,-1.065527839411346e-09,-1.065527839411346e-09,0.0,0.0,0.2999999999360896,0.049999999989366,0.8499999998188815,0.1000000004049005,0.0799999999829728,0.779999999833799,0.9499999997996807,0.7999999998316466,-10373.341933387568,True,20766.683866775136,20826.09326439841,2810,Crypto,False,,0.8999999998082475,0.8599999998167718
DOGE-USD,gray,0.416670079319538,0.0367011732515045,0.0,0.0,0.4396731477415395,0.1063320714804245,0.8934971389721654,0.25769354270691,0.1608566922121398,0.8028759545864942,0.963082215742258,0.731928762438246,-8752.6375837707,False,17525.2751675414,17584.684565164676,2810,Crypto,False,,0.9998292104525899,0.963732646798634
DOGE-USD,plugin,0.2567110102524798,-0.2505017942661514,0.0,0.0,0.3865180903516049,0.1072106159146772,0.8927856809625029,0.1954852746518629,0.1088808343515392,0.7798062412116916,0.947624870089086,0.7611523153362995,-8613.45319717735,False,17246.9063943547,17306.315791977977,2810,Crypto,False,,0.9999962968771801,0.8886870755632308
DOGE-USD,quadrature,0.7571445697967514,0.7575525094254051,0.0,0.0,0.3855883651313235,0.2121319137488656,0.7378279655712877,0.4723113304639768,0.3138930401352182,0.6808810091437139,0.7703996289677348,0.9076344533796956,-9069.313381513322,False,18158.626763026645,18218.03616064992,2810,Crypto,False,,0.9499598793201534,0.9947740492789321
DOGE-USD,particle,0.0,0.0,0.0,0.0,0.3,0.05,0.85,0.1,0.08,0.78,0.95,0.8,-10260.145187524831,False,20540.290375049663,20599.699772672942,2810,Crypto,False,,0.9,0.86
NMC-USD,gray,0.3516369421608992,0.3519378385041566,0.0,0.0,0.4204703844018858,0.112124698514619,0.886099709141723,0.2335699702296812,0.1309858030090913,0.7921586978676276,0.9637648683119544,0.7428028351945476,-9126.193695950502,False,18272.387391901004,18331.79678952428,2810,Crypto,False,,0.998224407656342,0.923144500876719
NMC-USD,plugin,-0.3969116973692457,0.7938398202982684,0.0,0.0,0.4040575442411021,0.2430298306153507,0.7559718529528151,0.4813872962255515,0.2947512634188733,0.634187629361491,0.7759890420314796,0.8951158380958092,-9326.535489007329,False,18673.070978014657,18732.480375637933,2810,Crypto,False,,0.9990016835681658,0.9289388927803643
NMC-USD,quadrature,0.3394094763344754,0.3397449189443839,0.0,0.0,0.4164604503675981,0.1106853121264688,0.887916431663585,0.2289065824810491,0.1275663966563049,0.7921294389041122,0.9659121208001602,0.7444232323153741,-9121.905567014212,False,18263.811134028427,18323.220531651703,2810,Crypto,False,,0.9986017437900538,0.9196958355604171
NMC-USD,particle,-3.1791982764009008e-06,3.17837243346737e-06,0.0,0.0,0.2999998085510351,0.0500005400178589,0.8499994588193225,0.0999999358691128,0.0800005207774093,0.7799995030877654,0.9499994017943344,0.8000001210290744,-10525.649943734792,True,21071.299887469584,21130.70928509286,2810,Crypto,False,,0.8999999988371814,0.8600000238651747
BTC-USD,gray,0.3249959022972464,-0.1325557499138671,0.0,0.0,0.8259095903755096,0.0300145907228349,0.9,0.3511226189972361,0.3121025205649423,0.6870909044899584,0.8264687585272519,0.7182890442574804,-7297.707972486205,True,14615.41594497241,14674.825342595688,2810,Crypto,False,,0.9300145907228349,0.9991934250549006
BTC-USD,plugin,0.2966994582583558,0.2182796994311594,0.0,0.0,0.405998906316009,0.1118906225053524,0.8873738140828388,0.0914912787343272,0.1184134226275519,0.7786131942969667,0.9415079756982724,0.7554624476024353,-7232.321824576071,False,14484.643649152142,14544.05304677542,2810,Crypto,False,,0.9992644365881912,0.8970266169245187
BTC-USD,quadrature,0.3017965282278484,0.0776999083906838,0.0,0.0,0.8127847213937378,0.0262399534445406,0.9,0.3007252945048881,0.3464647400168055,0.6484634051079415,0.8634572884629884,0.7211191395059653,-7297.608079359206,False,14615.216158718413,14674.62555634169,2810,Crypto,False,,0.9262399534445406,0.994928145124747
BTC-USD,particle,9.053700754013852e-06,9.053700754013852e-06,0.0,0.0,0.2999994569590287,0.0500015391291281,0.8499984610519458,0.1000034404062865,0.0799998553218619,0.7799985878037564,0.9499982979042582,0.7999985695152809,-7853.800294428275,True,15727.60058885655,15787.009986479829,2810,Crypto,False,,0.9000000001810738,0.8599984431256184
ETH-USD,gray,0.41672678669479,-0.5452773424457562,-0.0868663635374066,0.5501589769239555,0.4877496707656933,0.0667989026927666,0.8935849012197241,0.3126568190291571,0.1735882620202998,0.825484911807077,0.9791424609928456,0.7073375116060684,-8072.600548614084,True,16169.201097228168,16240.4923743761,2810,Crypto,True,BTC-USD,0.9603838039124907,0.9990731738273768
ETH-USD,plugin,0.5904552212396961,0.5929711772883565,-0.6630231272662561,0.7642976496830544,0.6761565450800957,0.2424304232516528,0.6657346077395387,0.5989138105488456,0.3195523853126131,0.6704346479203145,0.7854305671080981,0.8104710331396846,-8295.235339129635,False,16614.47067825927,16685.761955407204,2810,Crypto,True,BTC-USD,0.9081650309911915,0.9899870332329276
ETH-USD,quadrature,0.2852431484980579,-0.372076009946804,-0.0623522067730397,0.427817258918208,0.456461079132965,0.0608441573678747,0.9,0.2451884880802418,0.1417453535667098,0.8569385815519133,0.9652583485618,0.7369782443647837,-8072.246272516449,True,16168.492545032896,16239.78382218083,2810,Crypto,True,BTC-USD,0.9608441573678748,0.9986839351186231
ETH-USD,particle,5.693856300617955e-07,5.706353848104451e-07,0.0500005685290529,0.0500005619125061,0.3000001930672113,0.0500000961647772,0.8500000028403453,0.1000002198050062,0.0800000905164875,0.7800000202252549,0.9500000006155608,0.8000000276258112,-9071.615650404849,True,18167.231300809693,18238.52257795763,2810,Crypto,True,BTC-USD,0.9000000990051225,0.8600001107417424
LTC-USD,gray,0.2038908985362642,-0.175663468831219,-0.1140588833172351,0.2751485418829284,0.4091745829210613,0.0845013472677038,0.9,0.1868590784864403,0.1355194905248786,0.8606381417646193,0.9883844647722838,0.7560646000866124,-8292.094802369376,True,16608.189604738753,16679.480881886688,2810,Crypto,True,BTC-USD,0.9845013472677038,0.9961576322894978
LTC-USD,plugin,-0.6147659056091477,0.6157211782934054,-0.5238643763229696,0.6990357809265567,0.3360386685396343,0.2033122744652679,0.7488343855004413,0.4238098383530531,0.3038968917924727,0.6945671744800741,0.8039514711593585,0.8735686643058479,-8471.667011816968,False,16967.334023633935,17038.62530078187,2810,Crypto,True,BTC-USD,0.9521466599657092,0.9984640662725468
LTC-USD,quadrature,0.192276885336914,-0.1625225648599287,-0.1149241438046774,0.2712690138165902,0.4130086901470036,0.0864751056596186,0.9,0.1897497896708837,0.1409215252731078,0.8584536161952683,0.9806680292985174,0.7488255462210553,-8291.687142139066,True,16607.374284278132,16678.665561426067,2810,Crypto,True,BTC-USD,0.9864751056596186,0.999375141468376
LTC-USD,particle,0.0,0.0,0.05,0.05,0.3,0.05,0.85,0.1,0.08,0.78,0.95,0.8,-9342.779211366602,False,18709.558422733204,18780.84969988114,2810,Crypto,True,BTC-USD,0.9,0.86
XRP-USD,gray,0.4513172730860477,-0.4647982381425576,-0.3028332441542601,0.4798571591755347,0.5407944116415043,0.0350252293796676,0.9,0.2813760009229172,0.1949960628474973,0.8011525988898237,0.948871404792076,0.7323791292259609,-8520.389591593323,False,17064.779183186645,17136.07046033458,2810,Crypto,True,BTC-USD,0.9350252293796676,0.996148661737321
XRP-USD,plugin,0.4094273350967515,-0.4083757187042325,-0.3650661627475327,-0.361426776024082,0.4398854883077046,0.1168394112826995,0.8829300384448615,0.2544991473826024,0.1348144148935616,0.7828689176138867,0.9479079422893416,0.7367373255402376,-8686.176692400546,False,17396.353384801092,17467.644661949027,2810,Crypto,True,BTC-USD,0.999769449727561,0.9176833325074483
XRP-USD,quadrature,0.5023783987220266,-0.5475411953469439,-0.2189921984327899,0.3981712690046471,0.5734754362495882,0.0455450976145475,0.9,0.313113172783763,0.21303002571998,0.7868686201747099,0.9437516203835664,0.7205198390060703,-8507.943008998427,True,17039.886017996854,17111.17729514479,2810,Crypto,True,BTC-USD,0.9455450976145475,0.9998986458946899
XRP-USD,particle,0.0032290738323133,0.0032249937794289,0.053193867273096,0.046738311560523,0.3010943103868381,0.050549922480819,0.8500300392931351,0.0999358126770306,0.079945207465253,0.7800769063323814,0.9500259824405596,0.800122764519356,-10360.164677958004,True,20744.32935591601,20815.620633063943,2810,Crypto,True,BTC-USD,0.9005799617739542,0.8600221137976344
DOGE-USD,gray,0.3374994101412418,0.1428896472163372,-0.2899756652002346,0.3866704806454617,0.4231012343363542,0.1149584219631764,0.8844601028039129,0.2384791029327654,0.1426583886926647,0.7961962547334781,0.9397231716205496,0.7458019148237524,-8743.136090671516,False,17510.272181343033,17581.563458490968,2810,Crypto,True,BTC-USD,0.9994185247670893,0.9388546434261428
DOGE-USD,plugin,-0.6670470791980535,0.6699041716719587,-0.5781127357524077,0.7548364041663602,0.3549064544652857,0.2127361466069245,0.7381040258665537,0.4377201991442311,0.3194222338344561,0.6804212704384632,0.7971573207492161,0.8755126126362885,-8872.355342261353,False,17768.710684522706,17840.00196167064,2810,Crypto,True,BTC-USD,0.9508401724734782,0.9998435042729193
DOGE-USD,quadrature,0.3266223204685398,0.1760939549770969,-0.2775845657425658,0.3775063872030872,0.4121160380541134,0.1127674741600752,0.8872104996179239,0.2246090734392549,0.1394716356127757,0.7981419100557064,0.9400307307376832,0.7510698693273529,-8741.702396451808,True,17507.404792903617,17578.696070051552,2810,Crypto,True,BTC-USD,0.999977973777999,0.9376135456684822
DOGE-USD,particle,6.245913126010838e-06,5.020754280751803e-06,0.0500042394649305,0.049990805673422,0.3000021510794528,0.0499994050154698,0.8499956361375541,0.1000003912299869,0.0800034162748105,0.7800030313088948,0.9499904317019824,0.8000010551588796,-10266.08341267674,True,20556.16682535348,20627.45810250141,2810,Crypto,True,BTC-USD,0.899995041153024,0.8600064475837053
NMC-USD,gray,0.2911930613998031,0.2977382369863981,-0.2787612755582133,0.4510733486387793,0.4738490205662659,0.0677715612346596,0.9,0.2610905748320219,0.219542841207113,0.7801315890426203,0.8731710614978058,0.747038280550466,-9025.39199706928,True,18074.78399413856,18146.075271286496,2810,Crypto,True,BTC-USD,0.9677715612346596,0.9996744302497332
NMC-USD,plugin,0.2800668952212924,0.3164519905097629,0.3635540213859365,-0.2702211594687335,0.408148065193822,0.1089873152979858,0.8907423046793537,0.2199909359785143,0.1236671258889401,0.7827918291883287,0.9486352655613371,0.7508980668764459,-9005.874464353168,False,18035.748928706336,18107.04020585427,2810,Crypto,True,BTC-USD,0.9997296199773394,0.9064589550772688
NMC-USD,quadrature,0.1892753407779044,-0.2461845532918531,-0.2545535030190411,0.9347451119268188,0.7896199449024744,0.0999725889687299,0.9,0.4749253983598078,0.354056234871742,0.3658605532886971,0.97243252498318,0.773494783528946,-8987.099298021785,True,17998.19859604357,18069.489873191505,2810,Crypto,True,BTC-USD,0.9999725889687299,0.7199167881604391
NMC-USD,particle,2.140364153930754e-06,-2.140364153930754e-06,0.0499978382322045,0.0499978382322045,0.299999871620958,0.0499999786391657,0.8500000214036415,0.0999999572355242,0.0800003510197212,0.7799996661459992,0.9500000171229132,0.7999996618224637,-10527.210363232649,True,21078.420726465298,21149.712003613236,2810,Crypto,True,BTC-USD,0.9000000000428072,0.8600000171657205
GBPUSD=X,gray,0.0002003505586644,-0.0001544607638904,0.0,0.0,0.0948044456862285,0.1728847194664346,0.8263902152832705,0.0001,0.0001,0.0001,0.7521693772278562,0.4400779496684815,-51.61222640679173,True,123.22445281358348,182.6338504368614,2810,Forex,False,,0.9992749347497051,0.0002
GBPUSD=X,plugin,-0.0014805080330568,-0.0001366361773796,0.0,0.0,0.0120281824723657,0.0904531832481898,0.9,0.0001,0.0001,0.0008908197189407,0.7643309610333555,0.4823043542005856,63.63781916482925,True,-107.2756383296585,-47.866240706380594,2810,Forex,False,,0.9904531832481898,0.0009908197189407
GBPUSD=X,quadrature,-0.0078916006781202,-0.0001973409419563,0.0,0.0,0.0001,0.1097651960271072,0.8891174914035381,0.0001,0.0001,0.0001,0.76267242016604,0.4482943882107409,-76.24618462894439,True,172.49236925788878,231.90176688116668,2810,Forex,False,,0.9988826874306453,0.0002
GBPUSD=X,particle,1.0271262231274374e-06,1.074506440906872e-06,0.0,0.0,0.1000003679681919,0.0999999232246236,0.6999997595755172,0.1999999076816298,0.2000001570142315,0.600000050834265,0.9000000730715275,0.8999998456156436,-2116.4851548255783,True,4252.970309651157,4312.379707274435,2810,Forex,False,,0.7999996828001408,0.8000002078484965
JPY=X,gray,0.0452240862381531,2.8013335869152997e-05,0.0,0.0,0.0919315359721345,0.1880749580453974,0.8118840752758438,0.0001,0.0001,0.0001,0.7804950064718219,0.4230016084917685,-64.72112363592151,False,149.44224727184303,208.85164489512096,2810,Forex,False,,0.9999590333212413,0.0002
JPY=X,plugin,-0.0001643947240249,0.0195301114255094,0.0,0.0,0.0001,0.0001,0.0001,0.0362099982822241,0.3056384128533412,0.6943535740936412,0.4975627009772845,0.7621259306090669,71.36175063775856,False,-122.72350127551712,-63.31410365223921,2810,Forex,False,,0.0002,0.9999919869469824
JPY=X,quadrature,0.0234316555542483,0.0003785602000138,0.0,0.0,0.0010092514557374,0.2141669894398786,0.7853917023090522,0.0001,0.0001,0.0001,0.7634432087532989,0.3640188118534796,-78.13760783095721,True,176.27521566191442,235.6846132851923,2810,Forex,False,,0.9995586917489307,0.0002
JPY=X,particle,0.0,0.0,0.0,0.0,0.1,0.1,0.7,0.2,0.2,0.6,0.9,0.9,-2108.906020167212,False,4237.812040334424,4297.221437957702,2810,Forex,False,,0.7999999999999999,0.8
AUDUSD=X,gray,-0.0003685543707746,0.0124705020218877,0.0,0.0,0.0001,0.0001,0.0001,0.1189827236072739,0.099998780432074,0.9,0.4327501536133893,0.7539701048020536,-510.71369486407343,True,1041.4273897281469,1100.8367873514248,2810,Forex,False,,0.0002,0.999998780432074
AUDUSD=X,plugin,-2.293807216994928e-05,-0.0158188058583826,0.0,0.0,0.0001,0.0001,0.0001,0.017353184140582,0.0866245216113339,0.9,0.4712949202961658,0.7732030583100793,-376.1379447146352,True,772.2758894292704,831.6852870525482,2810,Forex,False,,0.0002,0.986624521611334
AUDUSD=X,quadrature,-0.0125698047530935,0.0003318228822952,0.0,0.0,0.0350417326227741,0.1698287327369676,0.8275838576187277,0.0001,0.0001,0.0001,0.7514761839104797,0.4062418474872037,-540.0927378539583,True,1100.1854757079166,1159.5948733311943,2810,Forex,False,,0.9974125903556953,0.0002
AUDUSD=X,particle,5.21040824108981e-06,-5.21040824108981e-06,0.0,0.0,0.0999998958960433,0.1000008336653185,0.6999992706470544,0.2000018757469668,0.2000007294571537,0.5999993748552193,0.9000000937873484,0.9000000937873484,-2384.222150755143,True,4788.444301510286,4847.853699133564,2810,Forex,False,,0.8000001043123729,0.800000104312373
CHF=X,gray,0.0093512116543438,0.0002718208169637,0.0,0.0,0.0686749141043487,0.2163219680306673,0.7800076046998318,0.0001,0.0001,0.0001,0.7638359919692387,0.4720606555005904,302.30051906163175,True,-584.6010381232635,-525.1916404999856,2810,Forex,False,,0.996329572730499,0.0002
CHF=X,plugin,-0.0005014198338704,0.0001749133497676,0.0,0.0,0.0244217770552979,0.1621964741446412,0.7875916858061761,0.0001,0.0001,0.0001,0.7654939932262489,0.4830076531762475,372.1221610352312,True,-724.2443220704623,-664.8349244471844,2810,Forex,False,,0.9497881599508173,0.0002
CHF=X,quadrature,0.0008253153837491,0.0001796220117535,0.0,0.0,0.0001,0.1670224364650888,0.8113902011730434,0.0001,0.0001,0.0001,0.7539238276578624,0.4699932357703075,286.8286692749386,True,-553.6573385498772,-494.24794092659926,2810,Forex,False,,0.9784126376381321,0.0002
CHF=X,particle,0.0,0.0,0.0,0.0,0.1,0.1,0.7,0.2,0.2,0.6,0.9,0.9,-1913.4084976383597,False,3846.816995276719,3906.226392899997,2810,Forex,False,,0.7999999999999999,0.8
EURGBP=X,gray,0.0045797151025104,0.0002971749337192,0.0,0.0,0.2237027608740937,0.080146141316554,0.003604342896514,0.0001,0.0001,0.0001,0.7493751961969672,0.4940693145342786,274.11236237849994,True,-528.2247247569999,-468.815327133722,2810,Forex,False,,0.083750484213068,0.0002
EURGBP=X,plugin,0.0114376293981561,0.0002147614672786,0.0,0.0,0.0057361026473864,0.0999979973802636,0.9,0.0001,0.0001,0.0001,0.8046048257822803,0.6120931919936622,557.1116326942855,True,-1094.223265388571,-1034.813867765293,2810,Forex,False,,0.9999979973802636,0.0002
EURGBP=X,quadrature,0.0003071620876435,0.0043768809362615,0.0,0.0,0.0001,0.0001,0.0001,0.2238771332161497,0.0796678454000607,0.0001,0.4958536603086416,0.7477029217286411,252.2569851886949,True,-484.5139703773898,-425.1045727541119,2810,Forex,False,,0.0002,0.0797678454000607
EURGBP=X,particle,-7.700891740169177e-08,7.700891740169177e-08,0.0,0.0,0.0999999984613618,0.0999999984613618,0.6999999892202917,0.1999999969211835,0.1999999969211835,0.600000004620535,0.9000000013861605,0.9000000013861605,-1878.740242809889,True,3777.480485619778,3836.889883243056,2810,Forex,False,,0.7999999876816535,0.8000000015417186
EURUSD=X,gray,-0.0040668947403037,-0.0005157293616002,0.0,0.0,0.0696654651815098,0.0991085513620097,0.9,0.0001,0.0001,0.0001,0.7488488714028827,0.4933913358448408,308.27760718364,True,-596.55521436728,-537.1458167440021,2810,Forex,False,,0.9991085513620097,0.0002
EURUSD=X,plugin,-0.0084640739978291,-7.239603701408947e-05,0.0,0.0,0.0085591502110564,0.0901692053231857,0.9,0.0001,0.0001,0.0001,0.7668539122738128,0.4815046977899707,399.99323652801337,True,-779.9864730560267,-720.5770754327489,2810,Forex,False,,0.9901692053231858,0.0002
EURUSD=X,quadrature,-0.004422208919563,-6.299115798122247e-05,0.0,0.0,0.0001,0.1158088093494548,0.8262893440349444,0.0001,0.0001,0.0001,0.7519448906241042,0.4557268070357418,291.54772606426974,True,-563.0954521285395,-503.6860545052616,2810,Forex,False,,0.9420981533843992,0.0002
EURUSD=X,particle,-6.552221277599897e-07,-6.894628464602521e-07,0.0,0.0,0.0999999690894196,0.0999999990461382,0.7000000134303693,0.2000002350937357,0.2000000715323877,0.5999999209138053,0.8999998756211364,0.899999868251239,-1893.041841508827,True,3806.083683017654,3865.493080640932,2810,Forex,False,,0.8000000124765075,0.7999999924461929
GBPUSD=X,gray,-0.000176915463138,-0.0019138409520289,0.0007404747873163,0.0400690680765796,0.0001,0.0001,0.0001,0.0987095521287069,0.149602281390949,0.8502666031966841,0.4826470709075467,0.7469664951872663,-54.16287266122785,True,132.3257453224557,203.6170224703892,2810,Forex,True,EURUSD=X,0.0002,0.9998688845876331
GBPUSD=X,plugin,-0.0014705887862595,-0.0001365710422288,0.0085648200360429,0.00047703057044,0.012024313357544,0.0904708193217769,0.9,0.0001,0.0001,0.0008854798150058,0.7643500403147082,0.482226885544588,63.75207423949694,True,-103.50414847899388,-32.212871331060384,2810,Forex,True,EURUSD=X,0.9904708193217769,0.0009854798150058
GBPUSD=X,quadrature,0.0013713873872892,6.201216292035311e-05,0.0177111168852565,0.0007045049627375,0.0188834311896495,0.2002227450157727,0.7964960540217522,0.0001,0.0001,0.0001,0.7482821001149055,0.4411228396228184,-78.17150256677131,True,180.34300513354265,251.6342822814761,2810,Forex,True,EURUSD=X,0.9967187990375248,0.0002
GBPUSD=X,particle,3.934544949095386e-07,-3.9208390541585763e-07,0.1000003788265962,0.0999995932807723,0.1000001457109867,0.1000000553970867,0.7000000099536182,0.2000001369724344,0.2000000549193487,0.600000023412144,0.8999999308331736,0.9000000017225596,-2120.493763744183,True,4264.987527488366,4336.278804636299,2810,Forex,True,EURUSD=X,0.8000000653507049,0.8000000783314927
JPY=X,gray,-5.571717465644628e-05,0.0308971973718188,0.0024883827372387,-0.0809311418136944,0.0001,0.0001,0.0001,0.0875240486804041,0.2330282722913176,0.7669636663433614,0.419655082318095,0.7736169619611395,-66.55830576208734,False,157.1166115241747,228.4078886721082,2810,Forex,True,EURUSD=X,0.0002,0.9999919386346791
JPY=X,plugin,0.0001461549186023,0.0681947034328276,0.0023821737121724,-0.0378370134873048,0.0001,0.0001,0.0001,0.0357786754222615,0.3058033888268505,0.6941966012601972,0.4986329746934572,0.782022540435805,63.15153668819459,False,-102.30307337638918,-31.01179622845568,2810,Forex,True,EURUSD=X,0.0002,0.9999999900870478
JPY=X,quadrature,4.5340017032176975e-05,0.0095252441784449,0.0013650425877945,-0.1334776678430669,0.0001,0.0001,0.0001,0.0084892549445985,0.177428801452043,0.8222821748990438,0.4330913034718556,0.7419063825281996,-74.43218730002033,False,172.86437460004066,244.15565174797416,2810,Forex,True,EURUSD=X,0.0002,0.9997109763510867
JPY=X,particle,0.0,0.0,0.1,0.1,0.1,0.1,0.7,0.2,0.2,0.6,0.9,0.9,-2116.353360209824,False,4256.706720419647,4327.997997567581,2810,Forex,True,EURUSD=X,0.7999999999999999,0.8
AUDUSD=X,gray,-0.0068162011598709,0.0002205493934443,-0.0928489330874667,-0.0011502399119575,0.119991675028634,0.0997461957763494,0.9,0.0001,0.0001,0.0001,0.7479493896159246,0.4419782058296704,-509.7564489242132,True,1043.5128978484263,1114.8041749963595,2810,Forex,True,EURUSD=X,0.9997461957763494,0.0002
AUDUSD=X,plugin,-0.0163168353483699,-2.3132968855488924e-05,-0.0525871144620726,-0.0006777949411053,0.0172565595761216,0.086874776919534,0.9,0.0001,0.0001,0.0001,0.7730821296479912,0.4711721541817117,-375.1000095948541,True,774.2000191897082,845.4912963376416,2810,Forex,True,EURUSD=X,0.9868747769195341,0.0002
AUDUSD=X,quadrature,-0.001517447803756,3.475673059774109e-05,-0.013472209908087,-0.0011777508110044,0.0226114006895369,0.1004231688561763,0.8987465189796008,0.0001,0.0001,0.0001,0.7532602648685717,0.4427493018382131,-532.9042184947083,True,1089.8084369894166,1161.09971413735,2810,Forex,True,EURUSD=X,0.9991696878357771,0.0002
AUDUSD=X,particle,1.6275476426588432e-08,-1.723316984438044e-08,0.1000000158143485,0.0999999822538952,0.0999999989473391,0.0999999996229195,0.6999999965212749,0.199999997224832,0.1999999988573066,0.5999999978840278,0.8999999995336919,0.8999999969880826,-2390.256632216433,True,4804.513264432866,4875.804541580799,2810,Forex,True,EURUSD=X,0.7999999961441944,0.7999999967413344
CHF=X,gray,-0.0038591364464957,7.078506040638757e-06,0.0171805214167267,0.000708312128574,0.0715404407045994,0.2024445680901226,0.7973519673221671,0.0001,0.0001,0.0001,0.755957381487744,0.4637897835670933,303.3928648775633,True,-582.7857297551266,-511.49445260719307,2810,Forex,True,EURUSD=X,0.9997965354122896,0.0002
CHF=X,plugin,0.0001800157791526,-0.0005171900564834,0.0003787586897098,-0.0163858605778178,0.0001,0.0001,0.0001,0.0243816533505926,0.1615259011344481,0.7881509880017865,0.4830679656371889,0.7654072913704315,372.3497652265209,True,-720.6995304530418,-649.4082533051082,2810,Forex,True,EURUSD=X,0.0002,0.9496768891362346
CHF=X,quadrature,0.0001887575341606,0.0005637244641592,0.0005934532418727,-0.0223084993824989,0.0001,0.0001,0.0001,0.0001,0.1667132466653288,0.8117372137078879,0.4696946741519395,0.7537114567706353,287.2232923580653,True,-550.4465847161306,-479.1553075681971,2810,Forex,True,EURUSD=X,0.0002,0.9784504603732167
CHF=X,particle,-2.1042463964896689e-07,2.1042463964896689e-07,0.0999997853668675,0.1000002062161468,0.0999999957957157,0.1000000336679423,0.7000000084169855,0.1999999915872229,0.1999999915872229,0.6000000126254783,0.8999999625444142,0.8999999625444142,-1921.406401723184,True,3866.812803446368,3938.104080594302,2810,Forex,True,EURUSD=X,0.8000000420849278,0.8000000042127012
EURGBP=X,gray,0.0044875705189677,0.0002954930230268,-0.020831678204841,-0.0002179101320237,0.2235369606166036,0.080523551122519,0.0035481252252248,0.0001,0.0001,0.0001,0.7494039503410618,0.4943650224840952,274.4097712272349,True,-524.8195424544698,-453.5282653065363,2810,Forex,True,EURUSD=X,0.08407167634774379,0.0002
EURGBP=X,plugin,0.0002820756528334,-0.0408427064254004,-0.0008525169680098,0.0103277686724842,0.0001,0.0001,0.0001,0.019007492673951,0.2387110640739835,0.7612484216855675,0.3546766680864866,0.7668520407758979,498.5568632062701,True,-973.1137264125402,-901.8224492646068,2810,Forex,True,EURUSD=X,0.0002,0.999959485759551
EURGBP=X,quadrature,0.0046230533899239,0.0003051023886159,-0.0209609443424726,-0.0002031769378847,0.2236858254208586,0.0797304259318694,0.0001,0.0001,0.0001,0.0001,0.7478719657799919,0.4957891252460197,252.55153573669995,True,-481.1030714733999,-409.8117943254664,2810,Forex,True,EURUSD=X,0.0798304259318694,0.0002
EURGBP=X,particle,1.397701604844703e-06,-1.397701604844703e-06,0.099998574344363,0.1000013697475727,0.0999999720739219,0.1000002236322567,0.6999998043497293,0.1999999441198898,0.2000001956782247,0.5999998323037614,0.9000000251586289,0.8999997512091144,-1883.3739707155155,True,3790.747941431031,3862.0392185789647,2810,Forex,True,EURUSD=X,0.800000027981986,0.8000000279819861
IEI,gray,0.0019179227239512,0.0005572527783779,0.0,0.0,0.0255865030038023,0.2409008159983579,0.7561279400584681,0.0001,0.0001,0.0001,0.728021010939255,0.5054069557903984,1896.9061139065725,True,-3773.812227813145,-3714.402830189867,2810,Bond,False,,0.997028756056826,0.0002
IEI,plugin,0.0128805389934165,-2.074295190368485e-05,0.0,0.0,0.0016608301497958,0.1030627230256898,0.8969310423423347,0.0001,0.0001,0.0001,0.7408528749898982,0.5921754037774966,2031.2966839934788,True,-4042.5933679869577,-3983.18397036368,2810,Bond,False,,0.9999937653680244,0.0002
IEI,quadrature,0.0005557895087628,0.000125130250128,0.0,0.0,0.0001,0.2845478423288048,0.5718931202824198,0.0001,0.0001,0.0001,0.7159764210533687,0.485264397280498,1892.706736088052,True,-3765.413472176104,-3706.0040745528254,2810,Bond,False,,0.8564409626112246,0.0002
IEI,particle,-3.683702637404589e-06,3.683702637404589e-06,0.0,0.0,0.1000013998070022,0.0999999263996213,0.7000001473481055,0.1999998527255685,0.2000005157183692,0.6000002210221582,0.9000000663066475,0.8999993443009305,-1455.01109065245,True,2930.0221813049,2989.4315789281777,2810,Bond,False,,0.8000000737477267,0.8000007367405274
TLT,gray,-0.0203637299642595,-0.0001136859386145,0.0,0.0,0.4310462441835551,0.1624961367317951,0.5545108033770487,0.0001,0.0001,0.0001,0.7466700625988366,0.50530065754425,-1173.6296324265622,True,2367.2592648531245,2426.6686624764025,2810,Bond,False,,0.7170069401088438,0.0002
TLT,plugin,-0.0082480396351903,-8.032980061458739e-05,0.0,0.0,0.067846503833393,0.1964728880427577,0.8034602236574409,0.0001,0.0001,0.0001,0.7908303789616999,0.5119458054027806,-934.9349725327436,True,1889.8699450654876,1949.2793426887652,2810,Bond,False,,0.9999331117001986,0.0002
TLT,quadrature,-8.888746968869872e-05,-0.0502664628267571,0.0,0.0,0.0001,0.0001,0.0001,0.1620671462981913,0.1984587368025102,0.7948885639869531,0.4682777388810335,0.7582118390218894,-1200.1852658434534,True,2420.370531686907,2479.779929310185,2810,Bond,False,,0.0002,0.9933473007894633
TLT,particle,-3.746321795326056e-08,-3.7881669013063007e-08,0.0,0.0,0.0999999993881458,0.0999999994519236,0.6999999941378617,0.2000000131228529,0.199999997787217,0.5999999950244279,0.8999999933518147,0.8999999932471503,-3249.519073953869,True,6519.038147907738,6578.447545531016,2810,Bond,False,,0.7999999935897854,0.7999999928116449
BNDX,gray,0.0067895391949496,3.0823054120154084e-05,0.0,0.0,0.0261868346636419,0.388618057347251,0.6108051333754725,0.0001,0.0001,0.0001,0.7315720730086506,0.4413782098075577,1854.4097976784449,True,-3688.819595356889,-3629.4101977336113,2810,Bond,False,,0.9994231907227236,0.0002
BNDX,plugin,0.0004663345486996,0.0081677502706172,0.0,0.0,0.0001,0.0001,0.0020233595366445,0.007615248918355,0.3010180795203263,0.6989704061393796,0.5175111736324943,0.7284220271769376,1992.59755564906,True,-3965.19511129812,-3905.7857136748416,2810,Bond,False,,0.0021233595366444997,0.9999884856597059
BNDX,quadrature,0.0071195727405263,0.0004238606414323,0.0,0.0,0.0001,0.3053438995860457,0.5660488850127595,0.0001,0.0001,0.0001,0.7077465108959518,0.4656694128109674,1864.147838998716,True,-3708.295677997432,-3648.886280374154,2810,Bond,False,,0.8713927845988052,0.0002
BNDX,particle,0.0,0.0,0.0,0.0,0.1,0.1,0.7,0.2,0.2,0.6,0.9,0.9,-1463.2375476601958,False,2946.475095320392,3005.8844929436696,2810,Bond,False,,0.7999999999999999,0.8
LQD,gray,5.257661643258781e-06,0.0001090192714891,0.0,0.0,0.0001,0.0001,0.0001,0.0791073170977517,0.3146950699038666,0.6852164587820578,0.3967072348502515,0.7546966483582177,310.68641161406265,True,-601.3728232281253,-541.9634256048474,2810,Bond,False,,0.0002,0.9999115286859244
LQD,plugin,-1.4556758046477487e-06,0.0324677890979697,0.0,0.0,0.0001,0.0001,0.0001,0.0294819176202454,0.293992538116882,0.7060051270453634,0.5094367871345375,0.8024901265830562,482.7145282246676,False,-945.4290564493352,-886.0196588260574,2810,Bond,False,,0.0002,0.9999976651622454
LQD,quadrature,0.0243252834057288,-0.0003169642591004,0.0,0.0,0.0179949323435535,0.2730667063868082,0.726931788623228,0.0001,0.0001,0.0001,0.7045484274340967,0.4638847135667149,293.7371560765092,True,-567.4743121530184,-508.0649145297405,2810,Bond,False,,0.9999984950100362,0.0002
LQD,particle,0.0,0.0,0.0,0.0,0.1,0.1,0.7,0.2,0.2,0.6,0.9,0.9,-1996.7546882484528,False,4013.5093764969056,4072.918774120184,2810,Bond,False,,0.7999999999999999,0.8
HYG,gray,0.0246066196945827,-0.0014924136439983,0.0,0.0,0.0672883073287946,0.4065724764384689,0.5934175396586128,0.0001,0.0001,0.0001,0.8010362232550269,0.4364163739364786,597.6729760487755,False,-1175.345952097551,-1115.936554474273,2810,Bond,False,,0.9999900160970816,0.0002
HYG,plugin,0.0015352996665304,0.0408190151146005,0.0,0.0,0.0001,0.0001,0.2164866619946078,0.0299923780637046,0.3272548810024174,0.6727340241333789,0.6581510987441519,0.7240208785379479,697.3842201688376,True,-1374.7684403376752,-1315.3590427143972,2810,Bond,False,,0.2165866619946078,0.9999889051357963
HYG,quadrature,-7.587837133457817e-05,0.0525697864319882,0.0,0.0,0.0001,0.0001,0.0001,0.0271929790025525,0.5074112616827906,0.4925794926593272,0.4018570997653626,0.7372258797802174,579.3619188001018,True,-1138.7238376002035,-1079.3144399769255,2810,Bond,False,,0.0002,0.9999907543421178
HYG,particle,2.363032312422395e-06,2.3589239517598383e-06,0.0,0.0,0.1000008965135417,0.1000003725869749,0.6999996741165925,0.1999999041391194,0.1999999021938477,0.6000001393364355,0.9000000371068007,0.9000000425509489,-1889.5289333162093,True,3799.0578666324186,3858.4672642556966,2810,Bond,False,,0.8000000467035674,0.8000000415302831
^TNX,gray,-0.1183776800657496,-0.1153393630394225,0.0,0.0,0.228251634739274,0.1208948286233755,0.8787962270703271,0.0404318304971861,0.0722787262120458,0.7735522343967739,0.9331904981785012,0.8256533657648178,-5744.472110924039,False,11508.944221848078,11568.353619471356,2810,Bond,False,,0.9996910556937026,0.8458309606088197
^TNX,plugin,0.0894843037563279,0.1516431768564752,0.0,0.0,0.1531030294249382,0.1622452785892733,0.8343534479671831,0.2503552391020833,0.2471657522877628,0.7192768958603484,0.906508602695343,0.874535813845557,-5752.838433836189,False,11525.67686767238,11585.086265295657,2810,Bond,False,,0.9965987265564564,0.9664426481481112
^TNX,quadrature,-0.1040450062419992,0.0193390407374177,0.0,0.0,0.3746466027892087,0.0622022629482942,0.7341637584961231,0.0236613151328387,0.0998763557515631,0.9,0.7448622908308327,0.99,-5708.41105742354,True,11436.82211484708,11496.231512470358,2810,Bond,False,,0.7963660214444174,0.9998763557515631
^TNX,particle,-3.401118682647587e-07,-3.44972040292216e-07,0.0,0.0,0.299999978917241,0.0500000073314899,0.8499999502128787,0.0999999956150449,0.0799999940614262,0.780000007324298,0.949999952069457,0.7999999343385394,-5821.834490690709,True,11663.668981381416,11723.078379004695,2810,Bond,False,,0.8999999575443686,0.8600000013857242
IEI,gray,-0.0011113675493922,-1.1456379838666937e-05,0.0025985610228957,-1.5555876530849205e-05,0.0269600404470494,0.3322446391504657,0.6634554164578551,0.0001,0.0001,0.0001,0.7347104577727658,0.4642127976112317,1891.7133328527211,True,-3759.4266657054422,-3688.135388557509,2810,Bond,True,^TNX,0.9957000556083209,0.0002
IEI,plugin,0.000176776693314,-0.0084589385330783,0.0001513454684897,-0.0026193542536834,0.0001,0.0001,0.0001,0.0086279393086976,0.2878076199812623,0.7121903378062948,0.5017774582897171,0.7526005613010017,1994.267175401499,False,-3964.534350802998,-3893.243073655064,2810,Bond,True,^TNX,0.0002,0.9999979577875571
IEI,quadrature,0.0004720764155751,0.0001254209297846,0.0021651755772538,6.139780480659369e-05,0.0001,0.2840485729141481,0.5711522063693241,0.0001,0.0001,0.0001,0.7166713359396445,0.4850319466296319,1893.2096376481948,True,-3762.4192752963895,-3691.127998148456,2810,Bond,True,^TNX,0.8552007792834722,0.0002
IEI,particle,0.0,0.0,0.1,0.1,0.1,0.1,0.7,0.2,0.2,0.6,0.9,0.9,-1693.2740154393623,False,3410.548030878725,3481.8393080266587,2810,Bond,True,^TNX,0.7999999999999999,0.8
TLT,gray,-0.0224557056434932,-0.0001436954086941,-0.0023679302253907,-9.112973005743344e-05,0.2859320524196433,0.1930443150629776,0.8004988574874767,0.0001,0.0001,0.0001,0.7471027145719409,0.4606812173606714,-1170.4042707640222,True,2364.8085415280443,2436.099818675978,2810,Bond,True,^TNX,0.9935431725504543,0.0002
TLT,plugin,0.0404500706554646,-0.0004808958741314,0.0136354653883631,5.732559623767767e-05,0.0405244416431906,0.1272596462998422,0.8727386830225197,0.0001,0.0001,0.0001,0.746913108065039,0.5183525999332079,-926.61469859244,True,1877.22939718488,1948.520674332813,2810,Bond,True,^TNX,0.9999983293223619,0.0002
TLT,quadrature,-0.0284928372731262,-0.0002741829413823,0.0058685886347216,2.9042440165641336e-05,0.1776118410757965,0.1735984481622221,0.8242965489048274,0.0001,0.0001,0.0001,0.74067187886675,0.467342725265909,-1193.5070623451347,True,2411.014124690269,2482.305401838203,2810,Bond,True,^TNX,0.9978949970670495,0.0002
TLT,particle,1.663925480278791e-06,1.6886351178761984e-06,0.0999981815626524,0.0999981858141746,0.0999999315788566,0.0999999509668302,0.6999997525128996,0.1999998999655829,0.1999999641664204,0.5999997220998908,0.8999996002718378,0.8999999735637388,-3339.225871592756,True,6702.451743185512,6773.743020333445,2810,Bond,True,^TNX,0.7999997034797298,0.7999996862663112
BNDX,gray,0.0071704979045239,0.0004849847386143,-0.0099436913026261,0.0001355485988754,0.024870207236203,0.295885356040649,0.7019228538719723,0.0001,0.0001,0.0001,0.7255331697825893,0.473232419237074,1874.1068341946727,True,-3724.2136683893455,-3652.922391241412,2810,Bond,True,^TNX,0.9978082099126213,0.0002
BNDX,plugin,0.0003795200056398,0.0097944008148351,0.000128221113465,-0.0050025122108592,0.0001,0.0001,0.0012019684406012,0.0102602941319229,0.3730606287098011,0.6265073981640737,0.4482418456095067,0.7257931225631723,1965.7544716370544,True,-3907.508943274109,-3836.217666126176,2810,Bond,True,^TNX,0.0013019684406012,0.9995680268738749
BNDX,quadrature,0.0082405974334481,0.0004214061786053,-0.0098805479008229,0.0001438696671911,0.0001,0.2883435278469126,0.5663965048722239,0.0001,0.0001,0.0001,0.7054957432694247,0.4649651211910635,1871.4503189164204,True,-3718.900637832841,-3647.609360684907,2810,Bond,True,^TNX,0.8547400327191366,0.0002
BNDX,particle,0.0,0.0,0.1,0.1,0.1,0.1,0.7,0.2,0.2,0.6,0.9,0.9,-1707.500346220853,False,3439.000692441706,3510.2919695896403,2810,Bond,True,^TNX,0.7999999999999999,0.8
LQD,gray,0.0043822507490561,-1.6172403825479035e-05,0.011058362009564,-0.0001967003954927,0.089499661650303,0.3174921679063031,0.6824946040680185,0.0001,0.0001,0.0001,0.7550623186480254,0.4699684770662092,316.5291548361378,True,-609.0583096722756,-537.7670325243421,2810,Bond,True,^TNX,0.9999867719743216,0.0002
LQD,plugin,0.0152954309418792,6.274353370104772e-05,0.011029604156474,-0.0001720894747711,0.0286236072402159,0.3169242414429699,0.6830735762401089,0.0001,0.0001,0.0001,0.815428564144085,0.5081380387699513,467.5527007001028,True,-911.1054014002056,-839.8141242522722,2810,Bond,True,^TNX,0.9999978176830788,0.0002
LQD,quadrature,0.0474802998685206,1.7448112912433553e-05,0.0230088566863727,-0.0001410228842549,0.0231064317359708,0.3554745840988779,0.6445228349232055,0.0001,0.0001,0.0001,0.7441422440946072,0.3964803976939057,275.6291083205018,True,-527.2582166410036,-455.9669394930701,2810,Bond,True,^TNX,0.9999974190220834,0.0002
LQD,particle,0.0,0.0,0.1,0.1,0.1,0.1,0.7,0.2,0.2,0.6,0.9,0.9,-2165.8635946651098,False,4355.72718933022,4427.018466478153,2810,Bond,True,^TNX,0.7999999999999999,0.8
HYG,gray,0.0377822751396939,-0.0002815040061592,-0.0097573688601529,2.2205869940353785e-06,0.0831452904307712,0.3435577235017709,0.6564358483986509,0.0001,0.3080035682579451,0.0001,0.4547533274927253,0.3932723946818985,270.3613484937493,True,-516.7226969874986,-445.4314198395651,2810,Bond,True,^TNX,0.9999935719004218,0.3081035682579451
HYG,plugin,0.0200643740351777,-6.0624923504942224e-05,-0.0123775301022054,-3.762322805099024e-05,0.0273640772997133,0.4540021529194714,0.5459978434806881,0.0001,0.0001,0.0001,0.6616412891209211,0.4027013537858442,745.5995118178572,False,-1467.1990236357144,-1395.907746487781,2810,Bond,True,^TNX,0.9999999964001596,0.0002
HYG,quadrature,0.0319878995901531,-0.000101660798976,-0.010955102095262,1.801520341529397e-05,0.0350200035085549,0.3465749861495127,0.6534249219413072,0.0001,0.4030269274646762,0.0001,0.4341082075300986,0.4187768145966454,260.5441842841202,True,-497.0883685682404,-425.7970914203069,2810,Bond,True,^TNX,0.99999990809082,0.4031269274646762
HYG,particle,5.01107253024531e-07,5.01107253024531e-07,0.0999994888706019,0.0999994888706019,0.1000001904207561,0.1000000801771604,0.7000000200442901,0.199999979965732,0.199999979965732,0.5999999398771517,0.9000000090199306,0.899999910802909,-2060.9293942492773,True,4145.8587884985545,4217.150065646488,2810,Bond,True,^TNX,0.8000001002214505,0.7999999198428838
^FTSE,gray,0.07198305260996,-6.001711106462826e-05,0.0,0.0,0.2686844915326628,0.3660783085903595,0.6336871772397489,0.0001,0.0001,0.0001,0.7607432655687365,0.4447955389835455,-1014.9899632075384,True,2049.9799264150765,2109.3893240383545,2810,Equity,False,,0.9997654858301084,0.0002
^FTSE,plugin,-0.0002724952019607,0.0355202020162697,0.0,0.0,0.0001,0.0001,0.0001,0.1062066316244747,0.2988859597899317,0.695434477987287,0.5688748944835332,0.7553055921216647,-753.0107795456207,True,1526.0215590912414,1585.4309567145194,2810,Equity,False,,0.0002,0.9943204377772187
^FTSE,quadrature,0.0517101413552363,-6.193139496479122e-05,0.0,0.0,0.2243682454835079,0.3836177550997496,0.6159168862669798,0.0001,0.0001,0.0001,0.7258219300526755,0.4784698937272802,-1044.0651416993885,True,2108.130283398777,2167.5396810220545,2810,Equity,False,,0.9995346413667294,0.0002
^FTSE,particle,3.4103354305030547e-06,3.4080087259874744e-06,0.0,0.0,0.1000012753435199,0.1000005722435276,0.7000001318386637,0.2000012341915072,0.2000004725538772,0.600000219316087,0.9000000567799092,0.9000000636264287,-3030.6443257269284,True,6081.288651453857,6140.698049077135,2810,Equity,False,,0.8000007040821913,0.8000006918699643
^N225,gray,0.0587877903650055,0.0001327087286528,0.0,0.0,0.5097208005918034,0.1880682173957658,0.8031612633707699,0.0001,0.0001,0.0001,0.7046746351585322,0.4933831854182602,-1523.4750705739284,True,3066.950141147857,3126.359538771135,2810,Equity,False,,0.9912294807665356,0.0002
^N225,plugin,-0.0001505539618465,0.0666389947759912,0.0,0.0,0.0001,0.0001,0.0001,0.1062446767917433,0.1389138451836701,0.844388561994145,0.5295538653008582,0.7529398491842727,-1183.1004488066687,True,2386.200897613337,2445.6102952366155,2810,Equity,False,,0.0002,0.9833024071778151
^N225,quadrature,0.1000757272515796,0.0003034615854061,0.0,0.0,0.6615084185299275,0.2244465697078357,0.7754814885430535,0.0001,0.0001,0.0001,0.6440968054075575,0.6347529848840846,-1617.528868164683,True,3255.057736329366,3314.467133952644,2810,Equity,False,,0.9999280582508893,0.0002
^N225,particle,-9.472549114744652e-07,-8.462608088578904e-07,0.0,0.0,0.1000000231210863,0.0999997453470376,0.7000001783359581,0.200000311818424,0.2000001271801412,0.5999995412353878,0.9000001915189525,0.9000001856681205,-3946.3537507378473,True,7912.707501475695,7972.116899098973,2810,Equity,False,,0.7999999236829957,0.799999668415529
^IXIC,gray,-0.4856533574906752,0.1455698303830799,0.0,0.0,0.655079596516829,0.0766352766154665,0.9,0.0001,0.0001,0.7559070857806305,0.8691210528664355,0.956852142683179,-4070.861828677341,True,8161.723657354682,8221.13305497796,2810,Equity,False,,0.9766352766154666,0.7560070857806305
^IXIC,plugin,7.089611756394697e-05,0.1089795031752429,0.0,0.0,0.0001,0.0001,0.0003655834259868,0.1850993881097668,0.2735251998297019,0.7206046396592106,0.5118425974077522,0.7567803860811931,-1647.9731455008414,False,3315.9462910016828,3375.3556886249607,2810,Equity,False,,0.00046558342598679997,0.9941298394889125
^IXIC,quadrature,0.0232418588027174,0.1347315735412483,0.0,0.0,0.2404494916210722,0.1729261711245893,0.8239877469065915,0.0134972536516346,0.0737382081198654,0.621447492091502,0.8660633004524865,0.888449927612841,-4186.0521015317245,False,8392.104203063449,8451.513600686727,2810,Equity,False,,0.9969139180311808,0.6951857002113674
^IXIC,particle,0.0,0.0,0.0,0.0,0.3,0.05,0.85,0.1,0.08,0.78,0.95,0.8,-4274.182863762073,False,8568.365727524146,8627.775125147424,2810,Equity,False,,0.9,0.86
EEM,gray,-0.011288579432093,0.0049642532561847,0.0,0.0,0.741105707337916,0.1723278219686122,0.8276355002782115,0.0001,0.0001,0.1965978576281641,0.6084951088102827,0.6493475261027322,-3672.500744929917,False,7365.001489859834,7424.410887483112,2810,Equity,False,,0.9999633222468237,0.19669785762816408
EEM,plugin,0.0352739158397645,-2.340692249362488e-05,0.0,0.0,0.0656975599858369,0.119124498184267,0.8789094676538795,0.0001,0.0001,0.0001,0.7691419601378148,0.5141401070894837,-1451.6899209992505,True,2923.379841998501,2982.789239621779,2810,Equity,False,,0.9980339658381464,0.0002
EEM,quadrature,0.050116992842671,0.0001266676427535,0.0,0.0,0.3670362609019771,0.1403963692958584,0.8589187717881188,0.0001,0.0001,0.0001,0.757801010385704,0.431811071194484,-1804.788629067185,True,3629.57725813437,3688.986655757648,2810,Equity,False,,0.9993151410839772,0.0002
EEM,particle,-5.846087910097424e-07,-5.846087910097424e-07,0.0,0.0,0.0999999883195163,0.0999999883195163,0.7000000233843516,0.1999999766273405,0.1999999766273405,0.5999999298586373,0.8999998959396353,0.8999998959396353,-3993.869604012479,True,8007.739208024957,8067.148605648235,2810,Equity,False,,0.8000000117038679,0.7999999064859777
VTV,gray,0.0731067824202359,-2.884251947953309e-05,0.0,0.0,0.292909172476327,0.3022076824621038,0.6976705507632653,0.0001,0.0001,0.0001,0.730376201053304,0.4623929581773445,-1125.120596105941,True,2270.241192211882,2329.65058983516,2810,Equity,False,,0.9998782332253691,0.0002
VTV,plugin,0.0723974498238775,-3.762798083735512e-05,0.0,0.0,0.1409729083431717,0.3707906103410049,0.6291988872280438,0.0001,0.0001,0.0004396233884165,0.7877868822959756,0.5169526342574076,-835.7953517824901,True,1691.5907035649802,1751.0001011882582,2810,Equity,False,,0.9999894975690488,0.0005396233884165001
VTV,quadrature,0.0629851332797905,-0.0003315205623735,0.0,0.0,0.2014217575237409,0.3256556133527707,0.6728543929456892,0.0001,0.0001,0.0001,0.7729163548834096,0.4669022777848562,-1161.1318774815115,True,2342.263754963023,2401.673152586301,2810,Equity,False,,0.9985100062984599,0.0002
VTV,particle,0.0,0.0,0.0,0.0,0.1,0.1,0.7,0.2,0.2,0.6,0.9,0.9,-3185.812260808801,False,6391.624521617602,6451.03391924088,2810,Equity,False,,0.7999999999999999,0.8
^GSPC,gray,0.1151324394348951,-0.3418742870783177,0.0,0.0,0.0001,0.0787173196575688,0.7068072066786322,0.404577323355183,0.2465778947809035,0.7533879511408486,0.9516422911418132,0.8361564937713207,-3333.747563145427,True,6687.495126290854,6746.904523914132,2810,Equity,False,,0.785524526336201,0.9999658459217521
^GSPC,plugin,-0.0001282569152692,0.0739475950465841,0.0,0.0,0.0001,0.0001,0.0001,0.1646444897572027,0.3089766545871101,0.691019336910201,0.5406605752290404,0.783113740350517,-1054.817934465541,False,2129.635868931082,2189.04526655436,2810,Equity,False,,0.0002,0.9999959914973111
^GSPC,quadrature,0.0765396308014506,-0.0002339533560574,0.0,0.0,0.3226709878751208,0.3107321150077387,0.6890932047556683,0.0001,0.0001,0.0001,0.7184458217637174,0.4803672919505548,-1414.346265999004,False,2848.692531998008,2908.101929621286,2810,Equity,False,,0.9998253197634069,0.0002
^GSPC,particle,-3.432643281130047e-08,-3.432643281130047e-08,0.0,0.0,0.0999999993141578,0.0999999993141578,0.6999999951949859,0.1999999986276292,0.1999999986276292,0.5999999958815145,0.8999999938898949,0.8999999938898949,-3516.3547622630176,True,7052.709524526035,7112.118922149313,2810,Equity,False,,0.7999999945091437,0.7999999945091437
^FTSE,gray,-0.0213409778310739,-8.72736316849045e-05,0.2145820441807383,-0.0001658466502896,0.2535326867170708,0.3390708267581465,0.6609269726339946,0.0001,0.0001,0.0001,0.7388824362478192,0.462669904411501,-985.9578378417552,True,1995.9156756835105,2067.206952831444,2810,Equity,True,^GSPC,0.9999977993921411,0.0002
^FTSE,plugin,-0.0001316857499894,0.0219426194158503,0.0006274746353338,0.1417839594809726,0.0001,0.0001,0.0001,0.1020912400883816,0.2768070712147063,0.7228881382152011,0.4882876185206264,0.750215995466291,-726.3613965829985,True,1476.722793165997,1548.0140703139305,2810,Equity,True,^GSPC,0.0002,0.9996952094299074
^FTSE,quadrature,0.0916589388241789,-9.318965115074028e-05,0.1460609762509351,-2.2109602247593305e-05,0.186087609713799,0.3088936086096296,0.6910930358553495,0.0001,0.0001,0.0001,0.7506394607405678,0.4853253327806189,-1012.8024784707856,True,2049.604956941572,2120.896234089505,2810,Equity,True,^GSPC,0.9999866444649792,0.0002
^FTSE,particle,0.0,0.0,0.1,0.1,0.1,0.1,0.7,0.2,0.2,0.6,0.9,0.9,-3006.8814752227486,False,6037.762950445497,6109.05422759343,2810,Equity,True,^GSPC,0.7999999999999999,0.8
^N225,gray,-0.0378604388321962,-0.0428543916771805,0.4056566306814161,0.2094695516508847,0.799037538306814,0.0974600072239114,0.9,0.0253124649122891,0.1172362722454692,0.007401997127379,0.2865402608614892,0.3852408918024695,-3164.01453260175,False,6352.0290652035,6423.320342351433,2810,Equity,True,^GSPC,0.9974600072239115,0.1246382693728482
^N225,plugin,0.0256596495629942,-0.0001337371445589,0.62789640420999,-0.0002344738303738,0.1279745411650344,0.1767279470308739,0.7710646258306844,0.0001,0.0001,0.0001,0.7530097732005242,0.529215038917793,-958.2592424926272,True,1940.5184849852544,2011.809762133188,2810,Equity,True,^GSPC,0.9477925728615583,0.0002
^N225,quadrature,0.0162733235071262,-0.0003005549592578,0.6280633896515664,9.52074388780012e-05,0.2268492624598849,0.173192046390984,0.8265998061587,0.0001,0.0001,0.0001,0.720264024024946,0.4536000864428076,-1282.2165341970626,True,2588.4330683941253,2659.724345542059,2810,Equity,True,^GSPC,0.9997918525496841,0.0002
^N225,particle,-1.166780930203811e-06,-1.166780930203811e-06,0.0999988098834512,0.0999988098834512,0.099999976687717,0.1000001866849488,0.6999998366740053,0.2000004200411348,0.1999999533520984,0.599999860009624,0.8999997923129944,0.9000000210020568,-3844.162966660588,True,7712.325933321176,7783.617210469109,2810,Equity,True,^GSPC,0.8000000233589541,0.7999998133617224
^IXIC,gray,0.0509311034849297,0.128520383814479,-0.0714436893450973,-0.0720578958548859,0.2419547921880662,0.1587841059557469,0.8411493623264167,0.0001,0.0948524211879134,0.6967860091143461,0.8581098893919993,0.8672287873126308,-4155.591401071005,False,8335.18280214201,8406.474079289943,2810,Equity,True,^GSPC,0.9999334682821636,0.7916384303022594
^IXIC,plugin,5.995502256597633e-05,0.071133531836919,-0.001291511166503,-0.1072797678825508,0.0001,0.0001,0.0004414896739368,0.1962687919933103,0.2551442349281704,0.7448525130073209,0.4496819616338163,0.7300765614372314,-1647.604608531395,True,3319.2092170627893,3390.500494210723,2810,Equity,True,^GSPC,0.0005414896739368001,0.9999967479354913
^IXIC,quadrature,0.1181453696807224,0.0718343813690682,-0.2952392832522389,-0.0036262428788299,0.5152494927913427,0.2517043332660021,0.748280426542947,0.0871203761439814,0.1286059099739859,0.3365875334530753,0.8120313413131971,0.8529929182627543,-4192.552423052777,True,8409.104846105554,8480.396123253488,2810,Equity,True,^GSPC,0.9999847598089491,0.4651934434270612
^IXIC,particle,4.6597890905120835e-09,4.6526232912581835e-09,0.0499999952631094,0.0500000046066584,0.2999999997114393,0.0500000007982355,0.8500000000391023,0.0999999998768724,0.0800000007628893,0.7799999993098542,0.949999999128328,0.8000000001639824,-4279.139782099565,True,8582.27956419913,8653.570841347064,2810,Equity,True,^GSPC,0.9000000008373378,0.8600000000727435
EEM,gray,-0.0112358691417523,0.0002355826675857,-0.094615149309135,0.0003343101812175,0.4380741478480521,0.1824647357808148,0.813354877017306,0.0001,0.0001,0.0001,0.750778887888549,0.4697030242826704,-1777.709675574644,True,3579.419351149288,3650.710628297222,2810,Equity,True,^GSPC,0.9958196127981208,0.0002
EEM,plugin,-2.0210126786962183e-05,0.0350109368074759,-5.545137004591421e-05,-0.0749385633515771,0.0001,0.0001,0.0001,0.0642698744319059,0.1195326983407331,0.8795938690597518,0.5192084472681603,0.768849206718099,-1448.6981792121217,True,2921.3963584242438,2992.687635572177,2810,Equity,True,^GSPC,0.0002,0.9991265674004849
EEM,quadrature,-0.1343881250511205,6.78000734074853e-05,-0.223478029712785,-0.003918703776732,0.8549342007787819,0.6399815438810952,0.3581339311036963,0.0001,0.1089270193205448,0.0001,0.5021414440272339,0.4843653953705826,-2441.7142706093323,True,4907.428541218665,4978.719818366598,2810,Equity,True,^GSPC,0.9981154749847915,0.1090270193205448
EEM,particle,2.074743293344445e-06,2.074743293344445e-06,0.0999978837618408,0.0999978837618408,0.1000007884024514,0.099999958546629,0.7000000829897317,0.2000007469075856,0.1999999170517631,0.6000001244845976,0.8999996306956938,0.9000000373453793,-4011.8643170581754,True,8047.728634116349,8119.019911264282,2810,Equity,True,^GSPC,0.8000000415363607,0.8000000415363607
VTV,gray,0.0868726483939325,-0.0227741885550778,-0.0106624785415016,0.0175745424958549,0.5309678070565256,0.2426241983788454,0.7556104501223119,0.0003326463412153,0.006445685569414,0.0006885147690933,0.7298658605448468,0.6145147954354404,-2103.470958887536,True,4230.941917775072,4302.233194923005,2810,Equity,True,^GSPC,0.9982346485011573,0.0071342003385073
VTV,plugin,-7.504324235783526e-05,0.0458572342502762,-0.0004847186257369,-0.0119423707865754,0.0001,0.0001,0.000516351707045,0.142318377055627,0.3253577600622449,0.6741193084917821,0.5232114878466909,0.7446790740118178,-829.8322209525456,True,1683.6644419050913,1754.9557190530247,2810,Equity,True,^GSPC,0.000616351707045,0.9994770685540271
VTV,quadrature,0.073426535579355,-3.463474482113156e-05,-0.0054002159597452,-0.000277100946373,0.2588445601583413,0.3503743515785051,0.6496249960187628,0.0001,0.0001,0.0001,0.7386890458485379,0.4613809309034816,-1164.796598668277,True,2353.593197336554,2424.884474484488,2810,Equity,True,^GSPC,0.9999993475972679,0.0002
VTV,particle,-3.102384975388812e-06,3.023350177696078e-06,0.0999967668921503,0.1000030155254945,0.1000010562720587,0.1000004871676909,0.7000001637499524,0.2000010967756562,0.2000004742477169,0.600000150361092,0.8999994191740915,0.9000000357145954,-3197.381091012668,True,6418.762182025335,6490.0534591732685,2810,Equity,True,^GSPC,0.8000006509176434,0.8000006246088089
ES=F,gray,-0.2297650693037643,0.1248804659800102,0.0,0.0,0.3381951064505513,0.1647263027014629,0.8349080180166606,0.0001,0.0788028259367837,0.6384846131327322,0.8468366980367013,0.9184005128727856,-3363.5738624088303,True,6747.147724817661,6806.557122440939,2810,Derivative,False,,0.9996343207181235,0.7172874390695159
ES=F,plugin,0.0392895133748798,7.456259541708022e-05,0.0,0.0,0.0989622813942405,0.2335255182475207,0.7656348456940865,0.0001,0.0001,0.0001,0.8016956159799676,0.497766693718178,-1095.350875196617,True,2210.701750393234,2270.111148016512,2810,Derivative,False,,0.9991603639416071,0.0002
ES=F,quadrature,-0.0299168190513419,-0.0004895763053026,0.0,0.0,0.3765185417470045,0.2055320107445369,0.7937024581250416,0.0001,0.0901311464132232,0.0001,0.6221022873609089,0.4309511862548643,-2011.9345159277675,False,4043.869031855535,4103.2784294788125,2810,Derivative,False,,0.9992344688695785,0.0902311464132232
ES=F,particle,-3.2932333466072074e-08,3.293434694238811e-08,0.0,0.0,0.0999999993510059,0.099999999343813,0.7000000013182721,0.2000000118567402,0.2000000046113209,0.6000000019769715,0.9000000005934233,0.9000000005994093,-3564.019415404822,True,7148.038830809644,7207.448228432922,2810,Derivative,False,,0.8000000006620851,0.8000000065882924
NQ=F,gray,-0.4956257494482273,0.1469667646897003,0.0,0.0,0.7317301236554506,0.0745749172806675,0.9,0.0001,0.0001,0.7779031357066601,0.8628916563851161,0.9609234265118942,-4168.199866514105,True,8356.39973302821,8415.809130651489,2810,Derivative,False,,0.9745749172806675,0.7780031357066601
NQ=F,plugin,-0.0001550586323664,0.1257188650748661,0.0,0.0,0.0001,0.0001,0.0001,0.2099746271734275,0.244868862679749,0.7538659511871538,0.5117050711041743,0.7428689532338367,-1708.5302240441215,True,3437.060448088243,3496.469845711521,2810,Derivative,False,,0.0002,0.9987348138669028
NQ=F,quadrature,-0.2432258426872875,0.0004202746176723,0.0,0.0,0.9613544904847064,0.1799583552863151,0.8192411296986728,0.0351886974898028,0.0909182534255969,0.185896131822379,0.5977021218489893,0.7401556068906563,-4142.409666689971,False,8304.819333379943,8364.22873100322,2810,Derivative,False,,0.9991994849849879,0.27681438524797586
NQ=F,particle,-2.298307297315139e-06,2.118792369880317e-06,0.0,0.0,0.2999997717476119,0.0499997863869669,0.8499994899689511,0.0999998223018557,0.08000035915352,0.7799997514921362,0.9499993160415586,0.8000000836108739,-4346.953545577101,True,8713.907091154202,8773.31648877748,2810,Derivative,False,,0.899999276355918,0.8600001106456562
^VIX,gray,0.3529609914916176,0.3507424162291037,0.0,0.0,0.4207169244885414,0.1111407014087059,0.8875868828656959,0.2339881950996047,0.1312200240747889,0.7930364046038982,0.96643204326636,0.742311746661684,-9369.61469685799,False,18759.22939371598,18818.638791339257,2810,Derivative,False,,0.9987275842744018,0.9242564286786872
^VIX,plugin,0.301531636231057,-0.301568499162879,0.0,0.0,0.4032175038549294,0.1086619061223509,0.889442968864786,0.2141896509247277,0.1188297251984668,0.7826450309068812,0.9512944647406436,0.7524784114166121,-9248.850400051051,False,18517.700800102102,18577.11019772538,2810,Derivative,False,,0.998104874987137,0.901474756105348
^VIX,quadrature,0.3551272492430781,0.2797212806294162,0.0,0.0,0.4243412506442063,0.1126257292696463,0.8873445740394439,0.2380297592714604,0.1331725668970883,0.7931691845253228,0.9657423902676486,0.7407317749059094,-9364.193366732286,False,18748.386733464573,18807.79613108785,2810,Derivative,False,,0.9999703033090902,0.9263417514224112
^VIX,particle,7.089476495287311e-07,7.089476495287311e-07,0.0,0.0,0.3000002410422008,0.0500001205211004,0.8500000070894764,0.1000002694001068,0.0800001162674145,0.7800000170147436,0.9500000056715812,0.8000000269400107,-11098.09271482286,True,22216.18542964572,22275.594827269,2810,Derivative,False,,0.9000001276105768,0.8600001332821582
GC=F,gray,0.0482137661217449,0.0002170963146128,0.0,0.0,0.8256505157192388,0.0481906803909091,0.0001,0.0001,0.0001,0.0001,0.749438638740178,0.5474236862890209,-1105.492834333723,True,2230.985668667446,2290.395066290724,2810,Derivative,False,,0.048290680390909106,0.0002
GC=F,plugin,0.0356751727038829,0.0001212068903318,0.0,0.0,0.0416018154274879,0.0848047569413695,0.9,0.0001,0.0001,0.0001,0.759763548001633,0.5127005732830503,-884.7278561825857,True,1789.4557123651714,1848.8651099884491,2810,Derivative,False,,0.9848047569413695,0.0002
GC=F,quadrature,0.0496636801830494,0.0002340189276435,0.0,0.0,0.8320830576900241,0.0492949255299514,0.0001,0.0001,0.0001,0.0001,0.7491391073335305,0.5463595756202168,-1130.0079825705782,True,2280.0159651411564,2339.4253627644343,2810,Derivative,False,,0.0493949255299514,0.0002
GC=F,particle,1.9518320978143883e-06,1.954077732785892e-06,0.0,0.0,0.1000007237445667,0.100000318868002,0.700000067133734,0.2000006998835066,0.2000002671535432,0.6000000896078828,0.9000000427613466,0.8999999869876081,-3267.320745061496,True,6554.641490122992,6614.05088774627,2810,Derivative,False,,0.800000386001736,0.800000356761426
CL=F,gray,-0.1028766294520352,0.4737891595757992,0.0,0.0,0.2855281239287367,0.0984924500346774,0.9,0.0001,0.1612665968220895,0.5101291093487903,0.9353466145042124,0.6839967502082133,-5807.485727952662,True,11634.971455905325,11694.380853528604,2810,Derivative,False,,0.9984924500346775,0.6713957061708797
CL=F,plugin,-0.053986588063035,0.0125315969618849,0.0,0.0,0.5635456592533951,0.1940436195203287,0.8058784874669656,0.3725367876124848,0.2064599915084431,0.615921182821863,0.7589964398858675,0.9173359271151872,-5767.889423883028,False,11555.778847766056,11615.188245389334,2810,Derivative,False,,0.9999221069872942,0.8223811743303061
CL=F,quadrature,0.0587170853602994,0.0703349998907714,0.0,0.0,0.0846302080146451,0.0763713477869741,0.9,0.2352745203767872,0.2164179404943444,0.7820189640907991,0.99,0.826171414753906,-5819.907870344676,True,11659.815740689352,11719.22513831263,2810,Derivative,False,,0.9763713477869741,0.9984369045851434
CL=F,particle,6.164111798807193e-06,6.161974455274671e-06,0.0,0.0,0.3000021012538195,0.0500010513055817,0.8500000678996733,0.1000023451982505,0.0800010040310891,0.7799990290408109,0.9500000619039776,0.7999990208546247,-5874.107132510992,True,11768.214265021985,11827.623662645265,2810,Derivative,False,,0.900001119205255,0.8600000330719
BTC=F,gray,0.410744476368473,-0.1778954526988971,0.0,0.0,0.6991912803962514,0.0040525236865815,0.9,0.5714868638469355,0.1156431005072911,0.8783855232822653,0.8168765422932567,0.7175251751554408,-7441.634535037398,True,14903.269070074795,14962.678467698071,2810,Derivative,False,,0.9040525236865815,0.9940286237895564
BTC=F,plugin,0.7002009886535823,0.6943643138984044,0.0,0.0,0.7113687297273178,0.2689001567418742,0.7136973474977164,0.6196189690828695,0.2778248266410267,0.5904995968018459,0.7869174168797555,0.8226442214032099,-7692.152226073447,False,15404.304452146896,15463.713849770173,2810,Derivative,False,,0.9825975042395906,0.8683244234428726
BTC=F,quadrature,0.4257018312140376,-0.1559587905425303,0.0,0.0,0.6955839009433024,0.0037307279826834,0.9,0.5464252943310789,0.1097385551951722,0.8836248866305226,0.8763966758073221,0.8495280908423157,-7441.908579906773,True,14903.817159813549,14963.226557436825,2810,Derivative,False,,0.9037307279826834,0.9933634418256948
BTC=F,particle,-1.8802125863352372e-08,1.8802125863352372e-08,0.0,0.0,0.2999999988722485,0.0500000031963614,0.8500000001880212,0.1000000071448078,0.079999999699542,0.7799999970672444,0.9499999964652004,0.7999999970292642,-8163.697282633321,False,16347.394565266644,16406.80396288992,2810,Derivative,False,,0.9000000033843827,0.8599999967667864
ES=F,gray,-0.070498968865156,0.1069476064877567,-0.0121963264613487,0.0036165816292084,0.5880091778607788,0.23587208926863,0.7639814098303322,0.0234191780034079,0.1433423388678601,0.2650055436070483,0.7658961825124243,0.8124830927480172,-3375.417704998809,True,6774.835409997618,6846.126687145551,2810,Derivative,True,BTC=F,0.9998534990989623,0.4083478824749084
ES=F,plugin,-0.0001767130534633,0.0630397877355377,-7.13681110526576e-05,-0.0035394909193469,0.0001,0.0001,0.0001,0.0965847018408251,0.2882602986381329,0.7117333710909689,0.5116945245583888,0.7568525159655777,-1108.9074135877663,True,2241.814827175533,2313.1061043234668,2810,Derivative,True,BTC=F,0.0002,0.9999936697291019
ES=F,quadrature,0.0204467236932571,0.0655027256989657,-0.0029965464908514,0.0038037503300098,0.6408194852523813,0.2332861113717379,0.7665876186081263,0.0001,0.0776278268796047,0.1547954931186475,0.7088757603529582,0.7513450543546272,-3291.804117709997,False,6607.608235419994,6678.899512567928,2810,Derivative,True,BTC=F,0.9998737299798642,0.2324233199982522
ES=F,particle,1.6929452909123454e-06,1.6929452909123454e-06,0.050001676015838,0.050001676015838,0.3000005756013989,0.0500002878006994,0.8499997122331594,0.099999966174953,0.0800002776430277,0.7800000406306871,0.9500000135435624,0.8000000643319211,-3789.139707285699,False,7602.279414571398,7673.570691719331,2810,Derivative,True,BTC=F,0.9000000000338588,0.8600003182737148
NQ=F,gray,0.056827169717341,0.1104384902101627,-0.0123397912367117,-0.0051039079771956,0.2432381201302484,0.1515136694176351,0.8483578602828549,0.0019301369378965,0.0918952617351861,0.7137739120744507,0.8589224856178925,0.8545265686419942,-4259.784806648281,False,8543.569613296562,8614.860890444495,2810,Derivative,True,BTC=F,0.99987152970049,0.8056691738096369
NQ=F,plugin,-8.373321515136922e-05,0.095658851426857,-0.0002890924881808,0.0051014981296895,0.0001,0.0001,0.0001,0.2452561447013975,0.2590348971410275,0.7409636494685143,0.5016459060470863,0.7755258451202537,-1717.3314267289836,True,3458.6628534579672,3529.954130605901,2810,Derivative,True,BTC=F,0.0002,0.9999985466095418
NQ=F,quadrature,0.0602832352055912,0.1124020381934948,-0.023000055805977,0.0021951643258831,0.2318426945669762,0.1811495294089553,0.8171505478199235,0.0001,0.1069047996978395,0.6669458128492228,0.8376448401087245,0.8714587513150346,-4300.291987951665,False,8624.58397590333,8695.875253051263,2810,Derivative,True,BTC=F,0.9983000772288788,0.7738506125470623
NQ=F,particle,-2.815882945736156e-07,-7.716162061837142e-07,0.049999395278219,0.0499989056438957,0.2999994304588427,0.0500003608242701,0.8500003643660452,0.1000006251967108,0.0800008021983687,0.7800009902503546,0.9500003163070572,0.800000516503709,-4390.333200274251,True,8804.666400548502,8875.957677696435,2810,Derivative,True,BTC=F,0.9000007251903153,0.8600017924487233
^VIX,gray,0.4236625124457878,0.3489196932620545,0.4686292090771224,-0.3805950112847853,0.444441900051456,0.1177221921376967,0.8811160280307464,0.2612319325101048,0.1497655223414964,0.7963115641460818,0.9416215023103645,0.7347374194514077,-9321.980076764416,False,18667.960153528835,18739.25143067677,2810,Derivative,True,BTC=F,0.9988382201684431,0.9460770864875783
^VIX,plugin,0.4222316459942979,-0.4223329161934991,0.4676643449724257,-0.3767267327505115,0.4436819424657751,0.1220448998375919,0.877572238618863,0.2603620147413658,0.1472745926581351,0.7879282570795234,0.9459458220573012,0.7345600341954619,-9284.582506616012,False,18593.165013232025,18664.45629037996,2810,Derivative,True,BTC=F,0.999617138456455,0.9352028497376585
^VIX,quadrature,0.7128289986211811,0.711232077599923,-0.7925844400833361,0.8765864263538872,0.7165992377380626,0.2767583777990013,0.7224234557233277,0.629145467376048,0.3049932736153551,0.6537978716617798,0.7898809696152811,0.8030600463858376,-9503.12966945259,False,19030.25933890518,19101.550616053115,2810,Derivative,True,BTC=F,0.999181833522329,0.9587911452771349
^VIX,particle,4.7795110804252e-07,4.7795110804252e-07,0.0499995172693808,0.0500004731715969,0.3000001625033767,0.0499999952300479,0.8500000047795111,0.100000181621421,0.0799999923623413,0.7800000114708266,0.9500000038236088,0.8000000181621422,-11097.156813809812,True,22218.313627619624,22289.60490476756,2810,Derivative,True,BTC=F,0.900000000009559,0.860000003833168
GC=F,gray,0.0467224748767489,0.00023111840875,-0.0008481604556897,0.0001716482901944,0.8268478878544093,0.0480953891946879,0.0001,0.0001,0.0001,0.0001,0.7484409973183229,0.547065147327782,-1105.2210817904438,True,2234.442163580888,2305.7334407288213,2810,Derivative,True,BTC=F,0.0481953891946879,0.0002
GC=F,plugin,0.0355839374286489,0.000120435428721,-0.0023249632920831,-5.22661611895028e-06,0.0415273428820116,0.0849729857277964,0.9,0.0001,0.0001,0.0001,0.7598117138801109,0.512904792677287,-884.6351469566895,True,1793.270293913379,1864.5615710613124,2810,Derivative,True,BTC=F,0.9849729857277965,0.0002
GC=F,quadrature,0.0479024043170311,0.0002544303479467,-0.0010393209543856,0.0002232546247448,0.8315819370189141,0.0496546377433153,0.0001,0.0001,0.0001,0.0001,0.7490688278466675,0.5467673166371598,-1129.5826236861508,True,2283.1652473723016,2354.4565245202352,2810,Derivative,True,BTC=F,0.0497546377433153,0.0002
GC=F,particle,3.189125978967613e-07,-3.4576582630565004e-07,0.099999635609602,0.0999996376482277,0.0999999756457621,0.1000000495677119,0.6999999272827144,0.1999999771824956,0.1999999815353296,0.5999999517396353,0.8999999293052624,0.8999999458251174,-3551.4129491237454,True,7126.825898247491,7198.117175395424,2810,Derivative,True,BTC=F,0.7999999768504263,0.7999999332749649
CL=F,gray,0.0455606785973449,0.0593128909076622,-5.947030402305653e-05,-0.0136660881461854,0.2847785239199842,0.1051981237187371,0.8945224911181391,0.1005952667368868,0.0789009743766642,0.7595174262688429,0.9006575798786878,0.8102682645776202,-5823.046560639687,False,11670.093121279371,11741.384398427306,2810,Derivative,True,BTC=F,0.9997206148368762,0.8384184006455071
CL=F,plugin,0.0656219430382658,0.0004907396245177,0.0761484622148212,0.000482772401186,0.2946306187172836,0.1628647014021263,0.8371352908210261,0.0001,0.0001,0.1781009582449824,0.7477985009592806,0.4319910874575682,-3123.7995810758644,False,6271.599162151729,6342.890439299662,2810,Derivative,True,BTC=F,0.9999999922231524,0.1782009582449824
CL=F,quadrature,0.0780780584840021,0.1143935218892938,0.0026991513219461,-0.0240582815934575,0.125293319064807,0.0606042218428004,0.9,0.260618557490186,0.2352740986174362,0.7646538699074976,0.9884492886600328,0.8334328375783383,-5823.0188226296605,True,11670.03764525932,11741.328922407254,2810,Derivative,True,BTC=F,0.9606042218428004,0.9999279685249338
CL=F,particle,0.0,0.0,0.05,0.05,0.3,0.05,0.85,0.1,0.08,0.78,0.95,0.8,-5884.729182153212,False,11793.458364306423,11864.749641454357,2810,Derivative,True,BTC=F,0.9,0.86
